{"cameraMode":{"drawMode":0,"name":"Shaded","section":"Shading Mode"},"sceneLighting":true,"audioPlay":false,"sceneViewState":{"showFog":true,"showMaterialUpdate":false,"showSkybox":true,"showFlares":true,"showImageEffects":true,"showParticleSystems":true,"showVisualEffectGraphs":true,"m_FxEnabled":true},"in2DMode":false,"pivot":{"x":-0.6542181372642517,"y":2.7627081871032717,"z":10.088735580444336},"rotation":{"x":0.23248624801635743,"y":-0.09610748291015625,"z":0.0230927225202322,"w":0.9675638675689697},"size":1.7956271171569825,"orthographic":false}