{"cameraMode":{"drawMode":0,"name":"Shaded","section":"Shading Mode"},"sceneLighting":true,"audioPlay":false,"sceneViewState":{"showFog":true,"showMaterialUpdate":false,"showSkybox":true,"showFlares":true,"showImageEffects":true,"showParticleSystems":true,"showVisualEffectGraphs":true,"m_FxEnabled":true},"in2DMode":false,"pivot":{"x":1.5283395051956177,"y":0.7359691262245178,"z":14.253344535827637},"rotation":{"x":0.04790114238858223,"y":0.7204781770706177,"z":-0.050016287714242938,"w":0.6900110244750977},"size":2.395627021789551,"orthographic":false}