{"cameraMode":{"drawMode":0,"name":"Shaded","section":"Shading Mode"},"sceneLighting":true,"audioPlay":false,"sceneViewState":{"showFog":true,"showMaterialUpdate":false,"showSkybox":true,"showFlares":true,"showImageEffects":true,"showParticleSystems":true,"showVisualEffectGraphs":true,"m_FxEnabled":true},"in2DMode":false,"pivot":{"x":5.094355583190918,"y":13.765071868896485,"z":20.56349754333496},"rotation":{"x":-0.33688515424728396,"y":0.16406196355819703,"z":0.059731122106313708,"w":0.9252235889434815},"size":9.143805503845215,"orthographic":false}